Actions de groupes,MT15E060
Algèbre 2,MT16Y030
Algèbre,MT15Y010
Analyse,MT15U020
Analyse numérique matricielle,MT15E050
Calcul différentiel et topologie,MT15Y020
Compléments d'analyse,MT26Y010
Equations differentielles,MT16Y100
Fonctions holomorphes,MT16Y020
Géométrie affine et euclidienne,MT15Y080
Intégration et Série de  fourier,MT16E010
Intégration et séries de Fourier,MT16E010
Logique,MT16Y040
Méthodes axiomatiques,MT26E020
Ouverture scientifique,MT16Y060
Préprofessionnalisation,MT15Y110
Probabilités,MT15Y030
Stage en collège,MT26T010
Stage en entreprise,MT16T010
Statistiques et simulations probabilistes,MT16E060
Topologie,MT15E070
Histoire et philosophie des mathématiques,MT16Y130
Optimisation,MT16Y050
